date,index_name,close_value
2022-01-03,NIFTY50,17492.79
2022-01-04,NIFTY50,17689.64
2022-01-05,NIFTY_MIDCAP150,9859.05
2022-01-06,NIFTY500,14950.28
2022-01-07,NIFTY500,15044.47
2022-01-08,NIFTY500,15044.47
2022-01-09,NIFTY500,15044.47
2022-01-10,BSE_SMALLCAP,26476.06
2022-01-11,CRISIL_GILT,1453.45
2022-01-12,CRISIL_LIQUID,2285.47
2022-01-13,NIFTY500,14796.69
2022-01-14,NIFTY500,14793.7
2022-01-15,NIFTY500,14793.7
2022-01-16,NIFTY500,14793.7
2022-01-17,NIFTY100,17945.01
2022-01-18,CRISIL_LIQUID,2286.51
2022-01-19,CRISIL_GILT,1452.89
2022-01-20,NIFTY100,18115.34
2022-01-21,CRISIL_LIQUID,2288.12
2022-01-22,CRISIL_LIQUID,2288.12
2022-01-23,CRISIL_LIQUID,2288.12
2022-01-24,CRISIL_GILT,1450.91
2022-01-25,CRISIL_GILT,1453.66
2022-01-26,NIFTY_MIDCAP150,9893.28
2022-01-27,BSE_SMALLCAP,27192.24
2022-01-28,CRISIL_GILT,1447.15
2022-01-29,CRISIL_GILT,1447.15
2022-01-30,CRISIL_GILT,1447.15
2022-01-31,BSE_SMALLCAP,27966.74
2022-02-01,CRISIL_GILT,1450.41
2022-02-02,NIFTY50,18900.9
2022-02-03,BSE_SMALLCAP,27961.09
2022-02-04,CRISIL_LIQUID,2292.34
2022-02-05,CRISIL_LIQUID,2292.34
2022-02-06,CRISIL_LIQUID,2292.34
2022-02-07,NIFTY_MIDCAP150,9737.12
2022-02-08,CRISIL_GILT,1445.31
2022-02-09,NIFTY50,18807.0
2022-02-10,NIFTY50,18760.65
2022-02-11,CRISIL_LIQUID,2295.59
2022-02-12,CRISIL_LIQUID,2295.59
2022-02-13,CRISIL_LIQUID,2295.59
2022-02-14,NIFTY_MIDCAP150,9945.15
2022-02-15,CRISIL_LIQUID,2295.67
2022-02-16,CRISIL_GILT,1456.81
2022-02-17,CRISIL_GILT,1461.01
2022-02-18,CRISIL_GILT,1456.42
2022-02-19,CRISIL_GILT,1456.42
2022-02-20,CRISIL_GILT,1456.42
2022-02-21,NIFTY100,17341.61
2022-02-22,NIFTY50,19151.71
2022-02-23,CRISIL_LIQUID,2298.55
2022-02-24,NIFTY100,17366.81
2022-02-25,NIFTY_MIDCAP150,9664.02
2022-02-26,NIFTY_MIDCAP150,9664.02
2022-02-27,NIFTY_MIDCAP150,9664.02
2022-02-28,NIFTY500,14553.1
2022-03-01,NIFTY100,17708.25
2022-03-02,NIFTY_MIDCAP150,9896.16
2022-03-03,NIFTY_MIDCAP150,9794.5
2022-03-04,CRISIL_GILT,1462.89
2022-03-05,CRISIL_GILT,1462.89
2022-03-06,CRISIL_GILT,1462.89
2022-03-07,CRISIL_GILT,1465.73
2022-03-08,NIFTY100,17886.24
2022-03-09,CRISIL_LIQUID,2307.08
2022-03-10,CRISIL_GILT,1468.61
2022-03-11,NIFTY500,14954.42
2022-03-12,NIFTY500,14954.42
2022-03-13,NIFTY500,14954.42
2022-03-14,BSE_SMALLCAP,26062.13
2022-03-15,BSE_SMALLCAP,26836.05
2022-03-16,CRISIL_LIQUID,2308.36
2022-03-17,NIFTY50,19368.71
2022-03-18,NIFTY100,18514.06
2022-03-19,NIFTY100,18514.06
2022-03-20,NIFTY100,18514.06
2022-03-21,CRISIL_LIQUID,2308.33
2022-03-22,NIFTY50,19165.54
2022-03-23,NIFTY500,14488.18
2022-03-24,CRISIL_GILT,1491.09
2022-03-25,NIFTY50,18951.21
2022-03-26,NIFTY50,18951.21
2022-03-27,NIFTY50,18951.21
2022-03-28,NIFTY100,18961.42
2022-03-29,NIFTY50,19138.12
2022-03-30,BSE_SMALLCAP,25667.9
2022-03-31,CRISIL_LIQUID,2317.47
2022-04-01,NIFTY100,18832.6
2022-04-02,NIFTY100,18832.6
2022-04-03,NIFTY100,18832.6
2022-04-04,BSE_SMALLCAP,24854.87
2022-04-05,CRISIL_GILT,1487.83
2022-04-06,NIFTY_MIDCAP150,10150.44
2022-04-07,CRISIL_LIQUID,2321.84
2022-04-08,NIFTY_MIDCAP150,10146.23
2022-04-09,NIFTY_MIDCAP150,10146.23
2022-04-10,NIFTY_MIDCAP150,10146.23
2022-04-11,BSE_SMALLCAP,24609.58
2022-04-12,NIFTY50,20180.83
2022-04-13,NIFTY_MIDCAP150,10284.67
2022-04-14,NIFTY100,19126.79
2022-04-15,BSE_SMALLCAP,24058.23
2022-04-16,BSE_SMALLCAP,24058.23
2022-04-17,BSE_SMALLCAP,24058.23
2022-04-18,NIFTY_MIDCAP150,10208.04
2022-04-19,NIFTY500,14857.19
2022-04-20,NIFTY50,20511.28
2022-04-21,NIFTY_MIDCAP150,10144.26
2022-04-22,NIFTY_MIDCAP150,10163.64
2022-04-23,NIFTY_MIDCAP150,10163.64
2022-04-24,NIFTY_MIDCAP150,10163.64
2022-04-25,NIFTY500,14843.13
2022-04-26,BSE_SMALLCAP,23592.64
2022-04-27,NIFTY_MIDCAP150,10029.2
2022-04-28,NIFTY_MIDCAP150,9909.79
2022-04-29,CRISIL_LIQUID,2329.86
2022-04-30,CRISIL_LIQUID,2329.86
2022-05-01,CRISIL_LIQUID,2329.86
2022-05-02,BSE_SMALLCAP,23850.04
2022-05-03,CRISIL_LIQUID,2329.47
2022-05-04,CRISIL_GILT,1485.58
2022-05-05,NIFTY500,16035.72
2022-05-06,CRISIL_LIQUID,2332.92
2022-05-07,CRISIL_LIQUID,2332.92
2022-05-08,CRISIL_LIQUID,2332.92
2022-05-09,NIFTY100,19356.19
2022-05-10,CRISIL_LIQUID,2335.34
2022-05-11,CRISIL_GILT,1493.99
2022-05-12,BSE_SMALLCAP,23850.92
2022-05-13,CRISIL_GILT,1491.47
2022-05-14,CRISIL_GILT,1491.47
2022-05-15,CRISIL_GILT,1491.47
2022-05-16,NIFTY500,15990.6
2022-05-17,CRISIL_LIQUID,2342.58
2022-05-18,NIFTY_MIDCAP150,9942.45
2022-05-19,NIFTY100,19067.09
2022-05-20,BSE_SMALLCAP,23842.76
2022-05-21,BSE_SMALLCAP,23842.76
2022-05-22,BSE_SMALLCAP,23842.76
2022-05-23,NIFTY500,15723.39
2022-05-24,NIFTY50,19377.34
2022-05-25,NIFTY_MIDCAP150,9636.84
2022-05-26,BSE_SMALLCAP,24960.57
2022-05-27,NIFTY500,15470.45
2022-05-28,NIFTY500,15470.45
2022-05-29,NIFTY500,15470.45
2022-05-30,NIFTY500,15551.09
2022-05-31,NIFTY_MIDCAP150,9292.94
2022-06-01,CRISIL_GILT,1486.21
2022-06-02,NIFTY50,18925.23
2022-06-03,CRISIL_GILT,1487.77
2022-06-04,CRISIL_GILT,1487.77
2022-06-05,CRISIL_GILT,1487.77
2022-06-06,BSE_SMALLCAP,25545.76
2022-06-07,NIFTY_MIDCAP150,9145.49
2022-06-08,CRISIL_GILT,1490.4
2022-06-09,BSE_SMALLCAP,25636.4
2022-06-10,CRISIL_LIQUID,2355.48
2022-06-11,CRISIL_LIQUID,2355.48
2022-06-12,CRISIL_LIQUID,2355.48
2022-06-13,NIFTY100,19608.79
2022-06-14,NIFTY_MIDCAP150,9464.46
2022-06-15,CRISIL_LIQUID,2358.73
2022-06-16,NIFTY50,19696.35
2022-06-17,CRISIL_LIQUID,2357.44
2022-06-18,CRISIL_LIQUID,2357.44
2022-06-19,CRISIL_LIQUID,2357.44
2022-06-20,NIFTY500,16005.25
2022-06-21,CRISIL_GILT,1516.33
2022-06-22,CRISIL_GILT,1517.14
2022-06-23,NIFTY100,20250.89
2022-06-24,BSE_SMALLCAP,24876.75
2022-06-25,BSE_SMALLCAP,24876.75
2022-06-26,BSE_SMALLCAP,24876.75
2022-06-27,NIFTY50,19287.24
2022-06-28,NIFTY100,20032.29
2022-06-29,CRISIL_GILT,1494.85
2022-06-30,BSE_SMALLCAP,26016.57
2022-07-01,CRISIL_GILT,1487.29
2022-07-02,CRISIL_GILT,1487.29
2022-07-03,CRISIL_GILT,1487.29
2022-07-04,CRISIL_LIQUID,2362.13
2022-07-05,CRISIL_LIQUID,2363.02
2022-07-06,BSE_SMALLCAP,25613.36
2022-07-07,NIFTY50,19054.96
2022-07-08,NIFTY500,16815.54
2022-07-09,NIFTY500,16815.54
2022-07-10,NIFTY500,16815.54
2022-07-11,CRISIL_GILT,1485.95
2022-07-12,CRISIL_GILT,1483.61
2022-07-13,BSE_SMALLCAP,26937.51
2022-07-14,NIFTY500,16541.97
2022-07-15,BSE_SMALLCAP,28252.12
2022-07-16,BSE_SMALLCAP,28252.12
2022-07-17,BSE_SMALLCAP,28252.12
2022-07-18,NIFTY50,19366.57
2022-07-19,NIFTY500,16586.45
2022-07-20,CRISIL_LIQUID,2372.39
2022-07-21,CRISIL_LIQUID,2373.4
2022-07-22,NIFTY500,16603.78
2022-07-23,NIFTY500,16603.78
2022-07-24,NIFTY500,16603.78
2022-07-25,BSE_SMALLCAP,28145.88
2022-07-26,CRISIL_GILT,1496.73
2022-07-27,NIFTY50,19929.86
2022-07-28,CRISIL_GILT,1496.81
2022-07-29,CRISIL_LIQUID,2375.65
2022-07-30,CRISIL_LIQUID,2375.65
2022-07-31,CRISIL_LIQUID,2375.65
2022-08-01,CRISIL_GILT,1491.22
2022-08-02,BSE_SMALLCAP,27697.83
2022-08-03,CRISIL_GILT,1491.27
2022-08-04,CRISIL_LIQUID,2376.7
2022-08-05,NIFTY50,19555.4
2022-08-06,NIFTY50,19555.4
2022-08-07,NIFTY50,19555.4
2022-08-08,CRISIL_LIQUID,2378.68
2022-08-09,NIFTY_MIDCAP150,9624.67
2022-08-10,NIFTY500,16227.32
2022-08-11,CRISIL_GILT,1500.87
2022-08-12,CRISIL_LIQUID,2381.73
2022-08-13,CRISIL_LIQUID,2381.73
2022-08-14,CRISIL_LIQUID,2381.73
2022-08-15,CRISIL_LIQUID,2380.85
2022-08-16,NIFTY50,19904.95
2022-08-17,BSE_SMALLCAP,26732.53
2022-08-18,NIFTY50,19625.12
2022-08-19,CRISIL_GILT,1503.35
2022-08-20,CRISIL_GILT,1503.35
2022-08-21,CRISIL_GILT,1503.35
2022-08-22,BSE_SMALLCAP,27663.3
2022-08-23,NIFTY50,19719.82
2022-08-24,NIFTY50,19671.88
2022-08-25,NIFTY50,19637.3
2022-08-26,NIFTY_MIDCAP150,9893.68
2022-08-27,NIFTY_MIDCAP150,9893.68
2022-08-28,NIFTY_MIDCAP150,9893.68
2022-08-29,NIFTY100,20264.99
2022-08-30,CRISIL_LIQUID,2387.32
2022-08-31,NIFTY500,16339.25
2022-09-01,NIFTY100,20429.1
2022-09-02,BSE_SMALLCAP,27049.82
2022-09-03,BSE_SMALLCAP,27049.82
2022-09-04,BSE_SMALLCAP,27049.82
2022-09-05,NIFTY_MIDCAP150,10185.96
2022-09-06,CRISIL_GILT,1508.8
2022-09-07,CRISIL_LIQUID,2391.1
2022-09-08,NIFTY50,20554.69
2022-09-09,NIFTY50,20626.15
2022-09-10,NIFTY50,20626.15
2022-09-11,NIFTY50,20626.15
2022-09-12,CRISIL_GILT,1509.4
2022-09-13,NIFTY100,20847.1
2022-09-14,CRISIL_LIQUID,2394.02
2022-09-15,NIFTY_MIDCAP150,10399.81
2022-09-16,NIFTY_MIDCAP150,10302.19
2022-09-17,NIFTY_MIDCAP150,10302.19
2022-09-18,NIFTY_MIDCAP150,10302.19
2022-09-19,NIFTY_MIDCAP150,10448.81
2022-09-20,CRISIL_GILT,1522.82
2022-09-21,CRISIL_GILT,1524.64
2022-09-22,CRISIL_GILT,1533.48
2022-09-23,NIFTY100,20696.37
2022-09-24,NIFTY100,20696.37
2022-09-25,NIFTY100,20696.37
2022-09-26,CRISIL_LIQUID,2397.46
2022-09-27,BSE_SMALLCAP,25730.42
2022-09-28,CRISIL_LIQUID,2398.97
2022-09-29,CRISIL_GILT,1527.47
2022-09-30,CRISIL_GILT,1526.94
2022-10-01,CRISIL_GILT,1526.94
2022-10-02,CRISIL_GILT,1526.94
2022-10-03,BSE_SMALLCAP,25681.36
2022-10-04,BSE_SMALLCAP,25446.41
2022-10-05,NIFTY500,16308.57
2022-10-06,NIFTY50,19995.72
2022-10-07,NIFTY50,19964.19
2022-10-08,NIFTY50,19964.19
2022-10-09,NIFTY50,19964.19
2022-10-10,BSE_SMALLCAP,25280.35
2022-10-11,NIFTY_MIDCAP150,10930.32
2022-10-12,BSE_SMALLCAP,25120.8
2022-10-13,BSE_SMALLCAP,24841.79
2022-10-14,CRISIL_LIQUID,2403.76
2022-10-15,CRISIL_LIQUID,2403.76
2022-10-16,CRISIL_LIQUID,2403.76
2022-10-17,CRISIL_LIQUID,2405.26
2022-10-18,NIFTY50,20843.26
2022-10-19,CRISIL_LIQUID,2406.36
2022-10-20,NIFTY100,20194.29
2022-10-21,NIFTY_MIDCAP150,11124.26
2022-10-22,NIFTY_MIDCAP150,11124.26
2022-10-23,NIFTY_MIDCAP150,11124.26
2022-10-24,NIFTY500,16528.55
2022-10-25,NIFTY50,21005.4
2022-10-26,NIFTY_MIDCAP150,11177.36
2022-10-27,CRISIL_GILT,1522.42
2022-10-28,BSE_SMALLCAP,26707.0
2022-10-29,BSE_SMALLCAP,26707.0
2022-10-30,BSE_SMALLCAP,26707.0
2022-10-31,NIFTY100,19435.11
2022-11-01,NIFTY100,19360.14
2022-11-02,NIFTY500,16490.64
2022-11-03,NIFTY_MIDCAP150,11850.16
2022-11-04,NIFTY500,16209.9
2022-11-05,NIFTY500,16209.9
2022-11-06,NIFTY500,16209.9
2022-11-07,NIFTY500,16149.92
2022-11-08,NIFTY_MIDCAP150,11699.3
2022-11-09,CRISIL_LIQUID,2413.61
2022-11-10,NIFTY500,16396.46
2022-11-11,CRISIL_GILT,1527.4
2022-11-12,CRISIL_GILT,1527.4
2022-11-13,CRISIL_GILT,1527.4
2022-11-14,CRISIL_LIQUID,2414.72
2022-11-15,NIFTY_MIDCAP150,11992.88
2022-11-16,NIFTY100,18915.37
2022-11-17,CRISIL_LIQUID,2414.19
2022-11-18,NIFTY500,17082.03
2022-11-19,NIFTY500,17082.03
2022-11-20,NIFTY500,17082.03
2022-11-21,CRISIL_GILT,1525.11
2022-11-22,BSE_SMALLCAP,28075.96
2022-11-23,NIFTY_MIDCAP150,11811.16
2022-11-24,NIFTY50,21678.62
2022-11-25,NIFTY_MIDCAP150,11689.79
2022-11-26,NIFTY_MIDCAP150,11689.79
2022-11-27,NIFTY_MIDCAP150,11689.79
2022-11-28,NIFTY100,18547.32
2022-11-29,NIFTY50,21872.29
2022-11-30,BSE_SMALLCAP,26507.41
2022-12-01,BSE_SMALLCAP,26616.42
2022-12-02,BSE_SMALLCAP,26715.71
2022-12-03,BSE_SMALLCAP,26715.71
2022-12-04,BSE_SMALLCAP,26715.71
2022-12-05,NIFTY50,21757.88
2022-12-06,NIFTY50,21768.68
2022-12-07,NIFTY_MIDCAP150,12206.9
2022-12-08,CRISIL_LIQUID,2423.94
2022-12-09,NIFTY500,16621.81
2022-12-10,NIFTY500,16621.81
2022-12-11,NIFTY500,16621.81
2022-12-12,NIFTY500,16369.57
2022-12-13,BSE_SMALLCAP,27347.04
2022-12-14,CRISIL_GILT,1532.19
2022-12-15,NIFTY50,21902.0
2022-12-16,BSE_SMALLCAP,26660.06
2022-12-17,BSE_SMALLCAP,26660.06
2022-12-18,BSE_SMALLCAP,26660.06
2022-12-19,NIFTY100,17955.99
2022-12-20,BSE_SMALLCAP,26733.39
2022-12-21,NIFTY500,16448.86
2022-12-22,CRISIL_LIQUID,2431.41
2022-12-23,NIFTY100,17553.59
2022-12-24,NIFTY100,17553.59
2022-12-25,NIFTY100,17553.59
2022-12-26,NIFTY_MIDCAP150,11862.7
2022-12-27,NIFTY50,22252.11
2022-12-28,NIFTY500,16778.95
2022-12-29,NIFTY_MIDCAP150,12150.5
2022-12-30,NIFTY500,16899.9
2022-12-31,NIFTY500,16899.9
2023-01-01,NIFTY500,16899.9
2023-01-02,BSE_SMALLCAP,26319.71
2023-01-03,NIFTY_MIDCAP150,12694.86
2023-01-04,NIFTY_MIDCAP150,12695.85
2023-01-05,NIFTY_MIDCAP150,13035.18
2023-01-06,CRISIL_GILT,1511.11
2023-01-07,CRISIL_GILT,1511.11
2023-01-08,CRISIL_GILT,1511.11
2023-01-09,NIFTY50,23088.26
2023-01-10,NIFTY100,16948.6
2023-01-11,CRISIL_LIQUID,2435.21
2023-01-12,CRISIL_LIQUID,2433.62
2023-01-13,NIFTY100,16784.06
2023-01-14,NIFTY100,16784.06
2023-01-15,NIFTY100,16784.06
2023-01-16,CRISIL_LIQUID,2435.84
2023-01-17,NIFTY100,16878.51
2023-01-18,CRISIL_LIQUID,2437.22
2023-01-19,CRISIL_LIQUID,2437.99
2023-01-20,CRISIL_LIQUID,2438.62
2023-01-21,CRISIL_LIQUID,2438.62
2023-01-22,CRISIL_LIQUID,2438.62
2023-01-23,BSE_SMALLCAP,28152.72
2023-01-24,NIFTY100,16774.51
2023-01-25,NIFTY100,16579.25
2023-01-26,NIFTY500,16814.56
2023-01-27,NIFTY_MIDCAP150,13689.31
2023-01-28,NIFTY_MIDCAP150,13689.31
2023-01-29,NIFTY_MIDCAP150,13689.31
2023-01-30,NIFTY50,24280.25
2023-01-31,NIFTY500,16836.28
2023-02-01,CRISIL_LIQUID,2445.48
2023-02-02,CRISIL_LIQUID,2444.78
2023-02-03,NIFTY50,24060.94
2023-02-04,NIFTY50,24060.94
2023-02-05,NIFTY50,24060.94
2023-02-06,CRISIL_LIQUID,2443.8
2023-02-07,NIFTY50,24091.1
2023-02-08,BSE_SMALLCAP,27648.21
2023-02-09,CRISIL_LIQUID,2445.31
2023-02-10,NIFTY500,16940.47
2023-02-11,NIFTY500,16940.47
2023-02-12,NIFTY500,16940.47
2023-02-13,NIFTY_MIDCAP150,14089.33
2023-02-14,NIFTY_MIDCAP150,14042.6
2023-02-15,NIFTY100,15639.92
2023-02-16,NIFTY500,17315.15
2023-02-17,BSE_SMALLCAP,27923.07
2023-02-18,BSE_SMALLCAP,27923.07
2023-02-19,BSE_SMALLCAP,27923.07
2023-02-20,BSE_SMALLCAP,28210.37
2023-02-21,NIFTY50,24597.57
2023-02-22,BSE_SMALLCAP,27932.27
2023-02-23,BSE_SMALLCAP,27591.83
2023-02-24,NIFTY100,15995.36
2023-02-25,NIFTY100,15995.36
2023-02-26,NIFTY100,15995.36
2023-02-27,CRISIL_GILT,1535.16
2023-02-28,NIFTY50,24902.29
2023-03-01,NIFTY500,17673.39
2023-03-02,NIFTY100,16299.24
2023-03-03,NIFTY500,17830.18
2023-03-04,NIFTY500,17830.18
2023-03-05,NIFTY500,17830.18
2023-03-06,CRISIL_LIQUID,2454.68
2023-03-07,NIFTY100,16208.57
2023-03-08,NIFTY50,24799.95
2023-03-09,BSE_SMALLCAP,26524.9
2023-03-10,NIFTY100,16281.66
2023-03-11,NIFTY100,16281.66
2023-03-12,NIFTY100,16281.66
2023-03-13,BSE_SMALLCAP,26765.75
2023-03-14,CRISIL_GILT,1532.51
2023-03-15,NIFTY500,17485.85
2023-03-16,CRISIL_LIQUID,2458.65
2023-03-17,CRISIL_GILT,1531.9
2023-03-18,CRISIL_GILT,1531.9
2023-03-19,CRISIL_GILT,1531.9
2023-03-20,NIFTY500,17531.06
2023-03-21,BSE_SMALLCAP,27744.49
2023-03-22,CRISIL_LIQUID,2460.72
2023-03-23,NIFTY100,15812.68
2023-03-24,NIFTY50,24542.81
2023-03-25,NIFTY50,24542.81
2023-03-26,NIFTY50,24542.81
2023-03-27,BSE_SMALLCAP,29086.31
2023-03-28,NIFTY100,15621.75
2023-03-29,NIFTY_MIDCAP150,14697.94
2023-03-30,NIFTY_MIDCAP150,14999.15
2023-03-31,CRISIL_LIQUID,2466.27
2023-04-01,CRISIL_LIQUID,2466.27
2023-04-02,CRISIL_LIQUID,2466.27
2023-04-03,CRISIL_LIQUID,2466.59
2023-04-04,CRISIL_GILT,1525.85
2023-04-05,BSE_SMALLCAP,28508.84
2023-04-06,NIFTY50,23905.67
2023-04-07,CRISIL_GILT,1514.45
2023-04-08,CRISIL_GILT,1514.45
2023-04-09,CRISIL_GILT,1514.45
2023-04-10,NIFTY_MIDCAP150,15288.02
2023-04-11,NIFTY_MIDCAP150,15661.74
2023-04-12,NIFTY_MIDCAP150,15850.3
2023-04-13,CRISIL_GILT,1513.1
2023-04-14,NIFTY500,18425.35
2023-04-15,NIFTY500,18425.35
2023-04-16,NIFTY500,18425.35
2023-04-17,CRISIL_GILT,1512.29
2023-04-18,CRISIL_LIQUID,2476.08
2023-04-19,BSE_SMALLCAP,29177.41
2023-04-20,CRISIL_LIQUID,2478.04
2023-04-21,NIFTY50,24420.96
2023-04-22,NIFTY50,24420.96
2023-04-23,NIFTY50,24420.96
2023-04-24,CRISIL_LIQUID,2480.12
2023-04-25,NIFTY100,16245.2
2023-04-26,BSE_SMALLCAP,28697.68
2023-04-27,NIFTY500,18050.43
2023-04-28,NIFTY500,18051.79
2023-04-29,NIFTY500,18051.79
2023-04-30,NIFTY500,18051.79
2023-05-01,NIFTY500,17794.45
2023-05-02,NIFTY500,17939.17
2023-05-03,NIFTY100,16282.42
2023-05-04,NIFTY500,17680.27
2023-05-05,BSE_SMALLCAP,28932.47
2023-05-06,BSE_SMALLCAP,28932.47
2023-05-07,BSE_SMALLCAP,28932.47
2023-05-08,NIFTY_MIDCAP150,16825.55
2023-05-09,NIFTY_MIDCAP150,16899.12
2023-05-10,NIFTY500,18119.14
2023-05-11,NIFTY500,18544.46
2023-05-12,NIFTY_MIDCAP150,16723.65
2023-05-13,NIFTY_MIDCAP150,16723.65
2023-05-14,NIFTY_MIDCAP150,16723.65
2023-05-15,BSE_SMALLCAP,27276.83
2023-05-16,CRISIL_LIQUID,2490.02
2023-05-17,NIFTY100,15163.88
2023-05-18,NIFTY500,18557.21
2023-05-19,CRISIL_GILT,1542.89
2023-05-20,CRISIL_GILT,1542.89
2023-05-21,CRISIL_GILT,1542.89
2023-05-22,NIFTY50,24588.67
2023-05-23,NIFTY_MIDCAP150,16457.12
2023-05-24,NIFTY500,19049.97
2023-05-25,NIFTY100,15312.62
2023-05-26,BSE_SMALLCAP,26749.94
2023-05-27,BSE_SMALLCAP,26749.94
2023-05-28,BSE_SMALLCAP,26749.94
2023-05-29,NIFTY50,24688.69
2023-05-30,CRISIL_LIQUID,2493.2
2023-05-31,NIFTY50,24476.07
2023-06-01,NIFTY500,18657.82
2023-06-02,CRISIL_GILT,1541.51
2023-06-03,CRISIL_GILT,1541.51
2023-06-04,CRISIL_GILT,1541.51
2023-06-05,NIFTY500,19184.76
2023-06-06,BSE_SMALLCAP,27487.27
2023-06-07,NIFTY100,15128.86
2023-06-08,NIFTY_MIDCAP150,16784.15
2023-06-09,NIFTY50,24544.89
2023-06-10,NIFTY50,24544.89
2023-06-11,NIFTY50,24544.89
2023-06-12,NIFTY100,15163.26
2023-06-13,NIFTY50,24194.0
2023-06-14,CRISIL_LIQUID,2506.46
2023-06-15,NIFTY500,19219.86
2023-06-16,CRISIL_LIQUID,2509.4
2023-06-17,CRISIL_LIQUID,2509.4
2023-06-18,CRISIL_LIQUID,2509.4
2023-06-19,NIFTY100,14987.25
2023-06-20,BSE_SMALLCAP,28642.34
2023-06-21,NIFTY500,18782.91
2023-06-22,NIFTY50,24239.58
2023-06-23,NIFTY_MIDCAP150,17556.8
2023-06-24,NIFTY_MIDCAP150,17556.8
2023-06-25,NIFTY_MIDCAP150,17556.8
2023-06-26,CRISIL_LIQUID,2511.22
2023-06-27,BSE_SMALLCAP,30434.97
2023-06-28,CRISIL_LIQUID,2510.67
2023-06-29,NIFTY500,18329.83
2023-06-30,NIFTY50,24372.49
2023-07-01,NIFTY50,24372.49
2023-07-02,NIFTY50,24372.49
2023-07-03,NIFTY500,18366.38
2023-07-04,BSE_SMALLCAP,30626.53
2023-07-05,NIFTY100,15792.09
2023-07-06,CRISIL_LIQUID,2514.43
2023-07-07,NIFTY_MIDCAP150,17225.63
2023-07-08,NIFTY_MIDCAP150,17225.63
2023-07-09,NIFTY_MIDCAP150,17225.63
2023-07-10,NIFTY100,16199.27
2023-07-11,NIFTY50,24498.9
2023-07-12,CRISIL_GILT,1553.51
2023-07-13,CRISIL_LIQUID,2518.03
2023-07-14,BSE_SMALLCAP,30351.62
2023-07-15,BSE_SMALLCAP,30351.62
2023-07-16,BSE_SMALLCAP,30351.62
2023-07-17,NIFTY50,24284.8
2023-07-18,CRISIL_LIQUID,2521.85
2023-07-19,NIFTY500,19332.71
2023-07-20,NIFTY100,16212.76
2023-07-21,BSE_SMALLCAP,30484.41
2023-07-22,BSE_SMALLCAP,30484.41
2023-07-23,BSE_SMALLCAP,30484.41
2023-07-24,CRISIL_GILT,1579.58
2023-07-25,NIFTY500,19735.41
2023-07-26,NIFTY_MIDCAP150,18160.92
2023-07-27,NIFTY50,24156.83
2023-07-28,NIFTY_MIDCAP150,18223.83
2023-07-29,NIFTY_MIDCAP150,18223.83
2023-07-30,NIFTY_MIDCAP150,18223.83
2023-07-31,CRISIL_GILT,1595.3
2023-08-01,NIFTY100,16540.9
2023-08-02,NIFTY500,19400.44
2023-08-03,NIFTY_MIDCAP150,17957.03
2023-08-04,CRISIL_GILT,1592.15
2023-08-05,CRISIL_GILT,1592.15
2023-08-06,CRISIL_GILT,1592.15
2023-08-07,NIFTY50,24511.78
2023-08-08,NIFTY50,24504.44
2023-08-09,NIFTY50,24609.34
2023-08-10,NIFTY50,24452.05
2023-08-11,CRISIL_LIQUID,2538.17
2023-08-12,CRISIL_LIQUID,2538.17
2023-08-13,CRISIL_LIQUID,2538.17
2023-08-14,NIFTY500,19174.79
2023-08-15,NIFTY100,16713.0
2023-08-16,NIFTY500,19115.91
2023-08-17,BSE_SMALLCAP,31415.25
2023-08-18,NIFTY100,17255.36
2023-08-19,NIFTY100,17255.36
2023-08-20,NIFTY100,17255.36
2023-08-21,BSE_SMALLCAP,31847.62
2023-08-22,NIFTY_MIDCAP150,17738.34
2023-08-23,NIFTY50,25589.02
2023-08-24,BSE_SMALLCAP,30986.61
2023-08-25,NIFTY_MIDCAP150,17526.24
2023-08-26,NIFTY_MIDCAP150,17526.24
2023-08-27,NIFTY_MIDCAP150,17526.24
2023-08-28,CRISIL_GILT,1635.12
2023-08-29,NIFTY_MIDCAP150,17890.17
2023-08-30,NIFTY500,20149.85
2023-08-31,NIFTY_MIDCAP150,17803.51
2023-09-01,NIFTY100,17713.52
2023-09-02,NIFTY100,17713.52
2023-09-03,NIFTY100,17713.52
2023-09-04,NIFTY_MIDCAP150,18032.5
2023-09-05,NIFTY_MIDCAP150,18028.95
2023-09-06,NIFTY100,17871.87
2023-09-07,BSE_SMALLCAP,29106.84
2023-09-08,NIFTY50,25996.8
2023-09-09,NIFTY50,25996.8
2023-09-10,NIFTY50,25996.8
2023-09-11,NIFTY50,25801.55
2023-09-12,CRISIL_GILT,1652.62
2023-09-13,NIFTY500,20169.05
2023-09-14,CRISIL_GILT,1644.78
2023-09-15,NIFTY500,20062.73
2023-09-16,NIFTY500,20062.73
2023-09-17,NIFTY500,20062.73
2023-09-18,NIFTY100,17886.49
2023-09-19,NIFTY100,18030.0
2023-09-20,CRISIL_GILT,1649.43
2023-09-21,CRISIL_GILT,1645.9
2023-09-22,CRISIL_GILT,1641.75
2023-09-23,CRISIL_GILT,1641.75
2023-09-24,CRISIL_GILT,1641.75
2023-09-25,CRISIL_LIQUID,2550.27
2023-09-26,NIFTY500,20548.19
2023-09-27,CRISIL_LIQUID,2548.81
2023-09-28,NIFTY500,20725.79
2023-09-29,NIFTY500,20730.56
2023-09-30,NIFTY500,20730.56
2023-10-01,NIFTY500,20730.56
2023-10-02,NIFTY50,26580.95
2023-10-03,CRISIL_LIQUID,2551.14
2023-10-04,NIFTY_MIDCAP150,17709.55
2023-10-05,BSE_SMALLCAP,29926.01
2023-10-06,NIFTY50,26871.56
2023-10-07,NIFTY50,26871.56
2023-10-08,NIFTY50,26871.56
2023-10-09,NIFTY100,17881.22
2023-10-10,NIFTY100,17993.35
2023-10-11,NIFTY_MIDCAP150,18134.58
2023-10-12,BSE_SMALLCAP,29965.71
2023-10-13,CRISIL_LIQUID,2556.61
2023-10-14,CRISIL_LIQUID,2556.61
2023-10-15,CRISIL_LIQUID,2556.61
2023-10-16,NIFTY100,17654.74
2023-10-17,BSE_SMALLCAP,29500.91
2023-10-18,CRISIL_GILT,1649.4
2023-10-19,NIFTY50,27558.75
2023-10-20,CRISIL_GILT,1645.15
2023-10-21,CRISIL_GILT,1645.15
2023-10-22,CRISIL_GILT,1645.15
2023-10-23,CRISIL_LIQUID,2561.3
2023-10-24,NIFTY500,22329.07
2023-10-25,NIFTY_MIDCAP150,19456.11
2023-10-26,NIFTY500,22499.74
2023-10-27,NIFTY100,17947.25
2023-10-28,NIFTY100,17947.25
2023-10-29,NIFTY100,17947.25
2023-10-30,CRISIL_GILT,1655.37
2023-10-31,NIFTY100,17902.62
2023-11-01,NIFTY500,21911.46
2023-11-02,NIFTY_MIDCAP150,19033.87
2023-11-03,NIFTY500,22082.36
2023-11-04,NIFTY500,22082.36
2023-11-05,NIFTY500,22082.36
2023-11-06,CRISIL_LIQUID,2564.04
2023-11-07,CRISIL_LIQUID,2564.23
2023-11-08,CRISIL_GILT,1656.3
2023-11-09,NIFTY500,21572.17
2023-11-10,NIFTY500,21729.89
2023-11-11,NIFTY500,21729.89
2023-11-12,NIFTY500,21729.89
2023-11-13,BSE_SMALLCAP,30517.29
2023-11-14,NIFTY500,21742.13
2023-11-15,NIFTY100,18242.27
2023-11-16,BSE_SMALLCAP,30363.05
2023-11-17,NIFTY_MIDCAP150,19291.42
2023-11-18,NIFTY_MIDCAP150,19291.42
2023-11-19,NIFTY_MIDCAP150,19291.42
2023-11-20,NIFTY100,18141.98
2023-11-21,CRISIL_GILT,1683.58
2023-11-22,CRISIL_LIQUID,2570.92
2023-11-23,NIFTY100,18394.31
2023-11-24,NIFTY50,26389.86
2023-11-25,NIFTY50,26389.86
2023-11-26,NIFTY50,26389.86
2023-11-27,NIFTY500,22668.86
2023-11-28,CRISIL_LIQUID,2573.73
2023-11-29,NIFTY50,25860.22
2023-11-30,BSE_SMALLCAP,28960.4
2023-12-01,NIFTY100,19025.54
2023-12-02,NIFTY100,19025.54
2023-12-03,NIFTY100,19025.54
2023-12-04,BSE_SMALLCAP,28626.99
2023-12-05,BSE_SMALLCAP,28883.51
2023-12-06,CRISIL_GILT,1693.76
2023-12-07,CRISIL_GILT,1699.5
2023-12-08,NIFTY50,26327.03
2023-12-09,NIFTY50,26327.03
2023-12-10,NIFTY50,26327.03
2023-12-11,NIFTY100,18634.58
2023-12-12,CRISIL_GILT,1710.05
2023-12-13,BSE_SMALLCAP,29154.4
2023-12-14,BSE_SMALLCAP,29248.55
2023-12-15,NIFTY500,22078.77
2023-12-16,NIFTY500,22078.77
2023-12-17,NIFTY500,22078.77
2023-12-18,CRISIL_GILT,1721.71
2023-12-19,CRISIL_GILT,1724.52
2023-12-20,BSE_SMALLCAP,28509.29
2023-12-21,NIFTY100,18468.16
2023-12-22,BSE_SMALLCAP,28355.05
2023-12-23,BSE_SMALLCAP,28355.05
2023-12-24,BSE_SMALLCAP,28355.05
2023-12-25,NIFTY_MIDCAP150,21763.11
2023-12-26,NIFTY50,26670.1
2023-12-27,NIFTY100,18658.77
2023-12-28,NIFTY100,18600.74
2023-12-29,NIFTY50,26067.8
2023-12-30,NIFTY50,26067.8
2023-12-31,NIFTY50,26067.8
2024-01-01,NIFTY500,22248.26
2024-01-02,NIFTY50,26315.16
2024-01-03,CRISIL_LIQUID,2596.48
2024-01-04,NIFTY100,18576.09
2024-01-05,CRISIL_GILT,1715.7
2024-01-06,CRISIL_GILT,1715.7
2024-01-07,CRISIL_GILT,1715.7
2024-01-08,NIFTY100,18519.39
2024-01-09,NIFTY_MIDCAP150,23279.3
2024-01-10,NIFTY500,23372.32
2024-01-11,NIFTY_MIDCAP150,23232.12
2024-01-12,CRISIL_GILT,1716.41
2024-01-13,CRISIL_GILT,1716.41
2024-01-14,CRISIL_GILT,1716.41
2024-01-15,CRISIL_LIQUID,2601.96
2024-01-16,NIFTY50,27134.09
2024-01-17,NIFTY_MIDCAP150,23088.78
2024-01-18,BSE_SMALLCAP,30366.65
2024-01-19,CRISIL_LIQUID,2605.91
2024-01-20,CRISIL_LIQUID,2605.91
2024-01-21,CRISIL_LIQUID,2605.91
2024-01-22,CRISIL_GILT,1695.34
2024-01-23,CRISIL_GILT,1689.21
2024-01-24,BSE_SMALLCAP,30619.5
2024-01-25,NIFTY500,23237.71
2024-01-26,BSE_SMALLCAP,29963.82
2024-01-27,BSE_SMALLCAP,29963.82
2024-01-28,BSE_SMALLCAP,29963.82
2024-01-29,CRISIL_LIQUID,2606.73
2024-01-30,NIFTY500,23286.71
2024-01-31,NIFTY100,18154.2
2024-02-01,CRISIL_LIQUID,2608.01
2024-02-02,BSE_SMALLCAP,30023.74
2024-02-03,BSE_SMALLCAP,30023.74
2024-02-04,BSE_SMALLCAP,30023.74
2024-02-05,BSE_SMALLCAP,29197.88
2024-02-06,CRISIL_GILT,1703.16
2024-02-07,NIFTY100,18617.53
2024-02-08,NIFTY100,18759.69
2024-02-09,NIFTY100,19048.41
2024-02-10,NIFTY100,19048.41
2024-02-11,NIFTY100,19048.41
2024-02-12,CRISIL_LIQUID,2611.46
2024-02-13,NIFTY500,23412.88
2024-02-14,NIFTY50,27072.21
2024-02-15,NIFTY500,23363.69
2024-02-16,CRISIL_GILT,1707.39
2024-02-17,CRISIL_GILT,1707.39
2024-02-18,CRISIL_GILT,1707.39
2024-02-19,NIFTY500,23593.9
2024-02-20,CRISIL_LIQUID,2616.58
2024-02-21,BSE_SMALLCAP,31056.46
2024-02-22,CRISIL_LIQUID,2617.73
2024-02-23,CRISIL_LIQUID,2618.59
2024-02-24,CRISIL_LIQUID,2618.59
2024-02-25,CRISIL_LIQUID,2618.59
2024-02-26,NIFTY100,18236.42
2024-02-27,BSE_SMALLCAP,29643.18
2024-02-28,NIFTY500,23409.72
2024-02-29,NIFTY50,27215.19
2024-03-01,BSE_SMALLCAP,30616.47
2024-03-02,BSE_SMALLCAP,30616.47
2024-03-03,BSE_SMALLCAP,30616.47
2024-03-04,NIFTY_MIDCAP150,24385.97
2024-03-05,CRISIL_GILT,1698.31
2024-03-06,CRISIL_GILT,1694.55
2024-03-07,NIFTY50,27565.91
2024-03-08,NIFTY500,23593.02
2024-03-09,NIFTY500,23593.02
2024-03-10,NIFTY500,23593.02
2024-03-11,NIFTY100,17813.28
2024-03-12,CRISIL_GILT,1685.99
2024-03-13,NIFTY500,23779.83
2024-03-14,BSE_SMALLCAP,31869.11
2024-03-15,CRISIL_LIQUID,2634.29
2024-03-16,CRISIL_LIQUID,2634.29
2024-03-17,CRISIL_LIQUID,2634.29
2024-03-18,NIFTY100,17575.17
2024-03-19,NIFTY500,23463.48
2024-03-20,NIFTY100,17447.25
2024-03-21,NIFTY100,17201.88
2024-03-22,NIFTY50,26605.43
2024-03-23,NIFTY50,26605.43
2024-03-24,NIFTY50,26605.43
2024-03-25,CRISIL_GILT,1694.5
2024-03-26,CRISIL_GILT,1699.65
2024-03-27,NIFTY500,23728.92
2024-03-28,BSE_SMALLCAP,31805.71
2024-03-29,NIFTY_MIDCAP150,25715.61
2024-03-30,NIFTY_MIDCAP150,25715.61
2024-03-31,NIFTY_MIDCAP150,25715.61
2024-04-01,NIFTY100,16888.83
2024-04-02,NIFTY500,24388.09
2024-04-03,NIFTY50,26502.3
2024-04-04,BSE_SMALLCAP,32852.35
2024-04-05,NIFTY500,23458.27
2024-04-06,NIFTY500,23458.27
2024-04-07,NIFTY500,23458.27
2024-04-08,NIFTY50,26539.12
2024-04-09,CRISIL_GILT,1711.02
2024-04-10,NIFTY50,26592.91
2024-04-11,NIFTY500,23604.47
2024-04-12,BSE_SMALLCAP,32595.18
2024-04-13,BSE_SMALLCAP,32595.18
2024-04-14,BSE_SMALLCAP,32595.18
2024-04-15,CRISIL_LIQUID,2642.12
2024-04-16,NIFTY_MIDCAP150,25541.71
2024-04-17,NIFTY50,26494.47
2024-04-18,CRISIL_GILT,1731.69
2024-04-19,NIFTY50,26459.88
2024-04-20,NIFTY50,26459.88
2024-04-21,NIFTY50,26459.88
2024-04-22,NIFTY50,26304.4
2024-04-23,NIFTY_MIDCAP150,27462.3
2024-04-24,NIFTY500,24042.36
2024-04-25,CRISIL_GILT,1756.93
2024-04-26,NIFTY100,17426.62
2024-04-27,NIFTY100,17426.62
2024-04-28,NIFTY100,17426.62
2024-04-29,NIFTY100,17082.77
2024-04-30,BSE_SMALLCAP,33842.75
2024-05-01,NIFTY_MIDCAP150,27299.31
2024-05-02,CRISIL_GILT,1754.99
2024-05-03,CRISIL_LIQUID,2655.53
2024-05-04,CRISIL_LIQUID,2655.53
2024-05-05,CRISIL_LIQUID,2655.53
2024-05-06,NIFTY_MIDCAP150,27395.82
2024-05-07,NIFTY_MIDCAP150,27658.74
2024-05-08,NIFTY100,17089.87
2024-05-09,NIFTY_MIDCAP150,27602.49
2024-05-10,NIFTY100,17284.24
2024-05-11,NIFTY100,17284.24
2024-05-12,NIFTY100,17284.24
2024-05-13,CRISIL_GILT,1765.1
2024-05-14,CRISIL_LIQUID,2658.0
2024-05-15,CRISIL_GILT,1769.73
2024-05-16,BSE_SMALLCAP,30536.45
2024-05-17,NIFTY500,23051.09
2024-05-18,NIFTY500,23051.09
2024-05-19,NIFTY500,23051.09
2024-05-20,NIFTY50,24930.84
2024-05-21,NIFTY50,24864.19
2024-05-22,NIFTY100,16708.03
2024-05-23,NIFTY50,24352.62
2024-05-24,NIFTY_MIDCAP150,29233.71
2024-05-25,NIFTY_MIDCAP150,29233.71
2024-05-26,NIFTY_MIDCAP150,29233.71
2024-05-27,NIFTY100,17005.04
2024-05-28,NIFTY_MIDCAP150,29110.99
2024-05-29,CRISIL_LIQUID,2664.82
2024-05-30,BSE_SMALLCAP,31624.96
2024-05-31,NIFTY50,24263.56
2024-06-01,NIFTY50,24263.56
2024-06-02,NIFTY50,24263.56
2024-06-03,NIFTY100,16875.43
2024-06-04,NIFTY_MIDCAP150,27746.21
2024-06-05,NIFTY_MIDCAP150,27536.84
2024-06-06,CRISIL_LIQUID,2667.77
2024-06-07,NIFTY50,24108.83
2024-06-08,NIFTY50,24108.83
2024-06-09,NIFTY50,24108.83
2024-06-10,NIFTY500,23419.81
2024-06-11,NIFTY_MIDCAP150,27130.41
2024-06-12,NIFTY500,23463.75
2024-06-13,NIFTY_MIDCAP150,26795.81
2024-06-14,NIFTY100,16176.78
2024-06-15,NIFTY100,16176.78
2024-06-16,NIFTY100,16176.78
2024-06-17,NIFTY100,16167.64
2024-06-18,CRISIL_GILT,1767.53
2024-06-19,NIFTY100,16061.79
2024-06-20,NIFTY50,23845.04
2024-06-21,NIFTY_MIDCAP150,27345.17
2024-06-22,NIFTY_MIDCAP150,27345.17
2024-06-23,NIFTY_MIDCAP150,27345.17
2024-06-24,NIFTY500,24248.12
2024-06-25,NIFTY100,16101.93
2024-06-26,CRISIL_GILT,1786.99
2024-06-27,BSE_SMALLCAP,31992.44
2024-06-28,NIFTY_MIDCAP150,27243.68
2024-06-29,NIFTY_MIDCAP150,27243.68
2024-06-30,NIFTY_MIDCAP150,27243.68
2024-07-01,CRISIL_GILT,1787.76
2024-07-02,NIFTY50,23978.71
2024-07-03,NIFTY100,15660.24
2024-07-04,CRISIL_LIQUID,2684.91
2024-07-05,NIFTY100,15674.19
2024-07-06,NIFTY100,15674.19
2024-07-07,NIFTY100,15674.19
2024-07-08,NIFTY100,15645.06
2024-07-09,CRISIL_GILT,1803.42
2024-07-10,NIFTY500,24168.88
2024-07-11,CRISIL_LIQUID,2689.9
2024-07-12,NIFTY50,22976.94
2024-07-13,NIFTY50,22976.94
2024-07-14,NIFTY50,22976.94
2024-07-15,NIFTY50,22948.31
2024-07-16,NIFTY_MIDCAP150,27556.16
2024-07-17,NIFTY50,23403.7
2024-07-18,CRISIL_GILT,1799.73
2024-07-19,CRISIL_GILT,1793.18
2024-07-20,CRISIL_GILT,1793.18
2024-07-21,CRISIL_GILT,1793.18
2024-07-22,NIFTY_MIDCAP150,27442.49
2024-07-23,NIFTY100,15777.69
2024-07-24,NIFTY100,15706.33
2024-07-25,NIFTY_MIDCAP150,27458.11
2024-07-26,CRISIL_LIQUID,2696.79
2024-07-27,CRISIL_LIQUID,2696.79
2024-07-28,CRISIL_LIQUID,2696.79
2024-07-29,NIFTY500,23922.51
2024-07-30,NIFTY_MIDCAP150,27249.63
2024-07-31,CRISIL_LIQUID,2697.36
2024-08-01,NIFTY500,24281.92
2024-08-02,CRISIL_GILT,1826.72
2024-08-03,CRISIL_GILT,1826.72
2024-08-04,CRISIL_GILT,1826.72
2024-08-05,NIFTY_MIDCAP150,27794.38
2024-08-06,NIFTY100,15700.58
2024-08-07,NIFTY_MIDCAP150,28317.15
2024-08-08,BSE_SMALLCAP,30192.46
2024-08-09,BSE_SMALLCAP,30272.31
2024-08-10,BSE_SMALLCAP,30272.31
2024-08-11,BSE_SMALLCAP,30272.31
2024-08-12,NIFTY100,15278.12
2024-08-13,CRISIL_GILT,1805.8
2024-08-14,BSE_SMALLCAP,30005.06
2024-08-15,NIFTY100,15208.95
2024-08-16,CRISIL_GILT,1809.18
2024-08-17,CRISIL_GILT,1809.18
2024-08-18,CRISIL_GILT,1809.18
2024-08-19,NIFTY_MIDCAP150,27777.14
2024-08-20,CRISIL_LIQUID,2706.43
2024-08-21,BSE_SMALLCAP,29903.18
2024-08-22,BSE_SMALLCAP,29973.56
2024-08-23,BSE_SMALLCAP,30423.16
2024-08-24,BSE_SMALLCAP,30423.16
2024-08-25,BSE_SMALLCAP,30423.16
2024-08-26,NIFTY_MIDCAP150,28636.89
2024-08-27,NIFTY50,22207.46
2024-08-28,BSE_SMALLCAP,29986.43
2024-08-29,CRISIL_LIQUID,2711.25
2024-08-30,NIFTY50,21757.43
2024-08-31,NIFTY50,21757.43
2024-09-01,NIFTY50,21757.43
2024-09-02,NIFTY500,25221.47
2024-09-03,NIFTY100,14810.0
2024-09-04,CRISIL_GILT,1819.64
2024-09-05,NIFTY50,21723.49
2024-09-06,NIFTY50,21594.36
2024-09-07,NIFTY50,21594.36
2024-09-08,NIFTY50,21594.36
2024-09-09,CRISIL_GILT,1812.63
2024-09-10,CRISIL_GILT,1813.48
2024-09-11,CRISIL_GILT,1813.78
2024-09-12,NIFTY50,21751.37
2024-09-13,NIFTY50,21636.51
2024-09-14,NIFTY50,21636.51
2024-09-15,NIFTY50,21636.51
2024-09-16,BSE_SMALLCAP,30631.45
2024-09-17,CRISIL_GILT,1818.55
2024-09-18,CRISIL_LIQUID,2717.88
2024-09-19,NIFTY50,21833.13
2024-09-20,NIFTY100,15026.52
2024-09-21,NIFTY100,15026.52
2024-09-22,NIFTY100,15026.52
2024-09-23,BSE_SMALLCAP,32611.3
2024-09-24,NIFTY100,15104.99
2024-09-25,CRISIL_LIQUID,2721.36
2024-09-26,CRISIL_GILT,1823.78
2024-09-27,NIFTY100,14787.04
2024-09-28,NIFTY100,14787.04
2024-09-29,NIFTY100,14787.04
2024-09-30,NIFTY_MIDCAP150,27635.87
2024-10-01,NIFTY500,26836.51
2024-10-02,CRISIL_LIQUID,2725.8
2024-10-03,NIFTY_MIDCAP150,27449.92
2024-10-04,NIFTY50,21287.69
2024-10-05,NIFTY50,21287.69
2024-10-06,NIFTY50,21287.69
2024-10-07,NIFTY100,14390.67
2024-10-08,CRISIL_GILT,1843.86
2024-10-09,CRISIL_LIQUID,2728.64
2024-10-10,BSE_SMALLCAP,32315.15
2024-10-11,BSE_SMALLCAP,31342.41
2024-10-12,BSE_SMALLCAP,31342.41
2024-10-13,BSE_SMALLCAP,31342.41
2024-10-14,NIFTY100,14379.72
2024-10-15,NIFTY100,14171.82
2024-10-16,CRISIL_GILT,1859.48
2024-10-17,BSE_SMALLCAP,31315.41
2024-10-18,NIFTY500,26127.48
2024-10-19,NIFTY500,26127.48
2024-10-20,NIFTY500,26127.48
2024-10-21,CRISIL_LIQUID,2733.56
2024-10-22,CRISIL_GILT,1871.98
2024-10-23,CRISIL_GILT,1877.9
2024-10-24,NIFTY_MIDCAP150,27448.38
2024-10-25,NIFTY100,14357.37
2024-10-26,NIFTY100,14357.37
2024-10-27,NIFTY100,14357.37
2024-10-28,BSE_SMALLCAP,32098.9
2024-10-29,BSE_SMALLCAP,32615.67
2024-10-30,NIFTY100,14256.69
2024-10-31,NIFTY_MIDCAP150,27671.69
2024-11-01,NIFTY50,21165.71
2024-11-02,NIFTY50,21165.71
2024-11-03,NIFTY50,21165.71
2024-11-04,BSE_SMALLCAP,33993.08
2024-11-05,CRISIL_LIQUID,2740.69
2024-11-06,NIFTY100,14269.15
2024-11-07,CRISIL_GILT,1905.63
2024-11-08,CRISIL_LIQUID,2743.43
2024-11-09,CRISIL_LIQUID,2743.43
2024-11-10,CRISIL_LIQUID,2743.43
2024-11-11,NIFTY500,26364.64
2024-11-12,CRISIL_LIQUID,2744.59
2024-11-13,CRISIL_LIQUID,2744.92
2024-11-14,BSE_SMALLCAP,35915.63
2024-11-15,BSE_SMALLCAP,36154.89
2024-11-16,BSE_SMALLCAP,36154.89
2024-11-17,BSE_SMALLCAP,36154.89
2024-11-18,NIFTY100,14897.22
2024-11-19,CRISIL_GILT,1922.19
2024-11-20,CRISIL_LIQUID,2749.41
2024-11-21,NIFTY50,21371.25
2024-11-22,NIFTY100,14647.02
2024-11-23,NIFTY100,14647.02
2024-11-24,NIFTY100,14647.02
2024-11-25,NIFTY50,21717.8
2024-11-26,BSE_SMALLCAP,36595.04
2024-11-27,BSE_SMALLCAP,36626.79
2024-11-28,BSE_SMALLCAP,36239.2
2024-11-29,CRISIL_GILT,1938.58
2024-11-30,CRISIL_GILT,1938.58
2024-12-01,CRISIL_GILT,1938.58
2024-12-02,BSE_SMALLCAP,36085.33
2024-12-03,NIFTY50,21379.73
2024-12-04,CRISIL_LIQUID,2757.27
2024-12-05,NIFTY500,25615.27
2024-12-06,NIFTY_MIDCAP150,30779.0
2024-12-07,NIFTY_MIDCAP150,30779.0
2024-12-08,NIFTY_MIDCAP150,30779.0
2024-12-09,NIFTY50,21535.65
2024-12-10,CRISIL_LIQUID,2762.24
2024-12-11,NIFTY500,25947.15
2024-12-12,NIFTY50,21718.53
2024-12-13,CRISIL_LIQUID,2763.58
2024-12-14,CRISIL_LIQUID,2763.58
2024-12-15,CRISIL_LIQUID,2763.58
2024-12-16,CRISIL_GILT,1938.81
2024-12-17,NIFTY50,21792.31
2024-12-18,NIFTY500,26942.01
2024-12-19,NIFTY100,15006.41
2024-12-20,NIFTY100,15032.5
2024-12-21,NIFTY100,15032.5
2024-12-22,NIFTY100,15032.5
2024-12-23,NIFTY_MIDCAP150,30886.4
2024-12-24,NIFTY50,21838.5
2024-12-25,NIFTY100,15231.62
2024-12-26,NIFTY50,21984.51
2024-12-27,BSE_SMALLCAP,40637.66
2024-12-28,BSE_SMALLCAP,40637.66
2024-12-29,BSE_SMALLCAP,40637.66
2024-12-30,NIFTY500,26823.28
2024-12-31,NIFTY50,22040.14
2025-01-01,NIFTY_MIDCAP150,30402.21
2025-01-02,NIFTY500,25956.52
2025-01-03,CRISIL_GILT,1937.8
2025-01-04,CRISIL_GILT,1937.8
2025-01-05,CRISIL_GILT,1937.8
2025-01-06,CRISIL_LIQUID,2777.64
2025-01-07,NIFTY50,21909.21
2025-01-08,CRISIL_LIQUID,2780.18
2025-01-09,NIFTY100,15933.63
2025-01-10,NIFTY100,16129.36
2025-01-11,NIFTY100,16129.36
2025-01-12,NIFTY100,16129.36
2025-01-13,NIFTY50,22132.75
2025-01-14,NIFTY50,21943.93
2025-01-15,CRISIL_LIQUID,2781.03
2025-01-16,NIFTY100,16057.4
2025-01-17,CRISIL_LIQUID,2781.75
2025-01-18,CRISIL_LIQUID,2781.75
2025-01-19,CRISIL_LIQUID,2781.75
2025-01-20,NIFTY_MIDCAP150,30732.77
2025-01-21,CRISIL_LIQUID,2782.99
2025-01-22,CRISIL_GILT,1933.13
2025-01-23,BSE_SMALLCAP,40342.01
2025-01-24,NIFTY100,15852.25
2025-01-25,NIFTY100,15852.25
2025-01-26,NIFTY100,15852.25
2025-01-27,NIFTY50,21878.84
2025-01-28,NIFTY100,15681.47
2025-01-29,NIFTY_MIDCAP150,30836.5
2025-01-30,CRISIL_LIQUID,2786.52
2025-01-31,NIFTY_MIDCAP150,30404.41
2025-02-01,NIFTY_MIDCAP150,30404.41
2025-02-02,NIFTY_MIDCAP150,30404.41
2025-02-03,NIFTY500,26804.56
2025-02-04,CRISIL_GILT,1933.83
2025-02-05,NIFTY100,16093.28
2025-02-06,BSE_SMALLCAP,40485.18
2025-02-07,CRISIL_LIQUID,2789.45
2025-02-08,CRISIL_LIQUID,2789.45
2025-02-09,CRISIL_LIQUID,2789.45
2025-02-10,NIFTY50,21075.16
2025-02-11,NIFTY_MIDCAP150,30082.58
2025-02-12,NIFTY100,15826.68
2025-02-13,CRISIL_LIQUID,2790.25
2025-02-14,NIFTY50,20445.87
2025-02-15,NIFTY50,20445.87
2025-02-16,NIFTY50,20445.87
2025-02-17,NIFTY100,16048.15
2025-02-18,CRISIL_GILT,1957.13
2025-02-19,NIFTY_MIDCAP150,30628.36
2025-02-20,NIFTY_MIDCAP150,30581.87
2025-02-21,BSE_SMALLCAP,42768.28
2025-02-22,BSE_SMALLCAP,42768.28
2025-02-23,BSE_SMALLCAP,42768.28
2025-02-24,CRISIL_LIQUID,2795.58
2025-02-25,NIFTY50,20863.63
2025-02-26,NIFTY_MIDCAP150,31494.8
2025-02-27,NIFTY100,15922.25
2025-02-28,NIFTY50,20768.48
2025-03-01,NIFTY50,20768.48
2025-03-02,NIFTY50,20768.48
2025-03-03,NIFTY100,15647.53
2025-03-04,NIFTY500,26397.53
2025-03-05,NIFTY500,26368.82
2025-03-06,CRISIL_LIQUID,2797.91
2025-03-07,CRISIL_LIQUID,2798.84
2025-03-08,CRISIL_LIQUID,2798.84
2025-03-09,CRISIL_LIQUID,2798.84
2025-03-10,NIFTY50,21319.95
2025-03-11,NIFTY50,21617.26
2025-03-12,BSE_SMALLCAP,45720.97
2025-03-13,CRISIL_LIQUID,2799.59
2025-03-14,NIFTY50,21385.56
2025-03-15,NIFTY50,21385.56
2025-03-16,NIFTY50,21385.56
2025-03-17,BSE_SMALLCAP,45315.33
2025-03-18,CRISIL_GILT,1992.4
2025-03-19,BSE_SMALLCAP,46064.96
2025-03-20,NIFTY100,15449.69
2025-03-21,NIFTY_MIDCAP150,30345.26
2025-03-22,NIFTY_MIDCAP150,30345.26
2025-03-23,NIFTY_MIDCAP150,30345.26
2025-03-24,CRISIL_LIQUID,2804.12
2025-03-25,BSE_SMALLCAP,46137.13
2025-03-26,BSE_SMALLCAP,45670.98
2025-03-27,NIFTY500,26748.69
2025-03-28,NIFTY_MIDCAP150,31183.52
2025-03-29,NIFTY_MIDCAP150,31183.52
2025-03-30,NIFTY_MIDCAP150,31183.52
2025-03-31,NIFTY50,21107.42
2025-04-01,BSE_SMALLCAP,47381.75
2025-04-02,NIFTY50,20900.04
2025-04-03,NIFTY500,27205.67
2025-04-04,NIFTY50,20650.82
2025-04-05,NIFTY50,20650.82
2025-04-06,NIFTY50,20650.82
2025-04-07,NIFTY100,14592.18
2025-04-08,CRISIL_GILT,2034.86
2025-04-09,BSE_SMALLCAP,46540.96
2025-04-10,NIFTY500,27133.46
2025-04-11,NIFTY500,27286.56
2025-04-12,NIFTY500,27286.56
2025-04-13,NIFTY500,27286.56
2025-04-14,BSE_SMALLCAP,45852.39
2025-04-15,BSE_SMALLCAP,46180.52
2025-04-16,NIFTY100,14428.49
2025-04-17,NIFTY100,14399.95
2025-04-18,CRISIL_LIQUID,2815.38
2025-04-19,CRISIL_LIQUID,2815.38
2025-04-20,CRISIL_LIQUID,2815.38
2025-04-21,CRISIL_GILT,2046.07
2025-04-22,BSE_SMALLCAP,46706.88
2025-04-23,NIFTY100,14469.62
2025-04-24,NIFTY500,27227.52
2025-04-25,NIFTY500,27002.82
2025-04-26,NIFTY500,27002.82
2025-04-27,NIFTY500,27002.82
2025-04-28,NIFTY_MIDCAP150,29613.28
2025-04-29,NIFTY_MIDCAP150,30077.78
2025-04-30,NIFTY50,19952.62
2025-05-01,NIFTY_MIDCAP150,29254.78
2025-05-02,NIFTY50,19847.79
2025-05-03,NIFTY50,19847.79
2025-05-04,NIFTY50,19847.79
2025-05-05,NIFTY500,27322.68
2025-05-06,CRISIL_LIQUID,2824.81
2025-05-07,CRISIL_LIQUID,2824.62
2025-05-08,BSE_SMALLCAP,52087.35
2025-05-09,BSE_SMALLCAP,51560.11
2025-05-10,BSE_SMALLCAP,51560.11
2025-05-11,BSE_SMALLCAP,51560.11
2025-05-12,NIFTY_MIDCAP150,30773.41
2025-05-13,NIFTY_MIDCAP150,30542.78
2025-05-14,NIFTY500,27424.98
2025-05-15,NIFTY100,15707.27
2025-05-16,BSE_SMALLCAP,52857.0
2025-05-17,BSE_SMALLCAP,52857.0
2025-05-18,BSE_SMALLCAP,52857.0
2025-05-19,BSE_SMALLCAP,53446.3
2025-05-20,NIFTY500,27642.52
2025-05-21,CRISIL_LIQUID,2833.91
2025-05-22,CRISIL_LIQUID,2833.8
2025-05-23,NIFTY100,16082.33
2025-05-24,NIFTY100,16082.33
2025-05-25,NIFTY100,16082.33
2025-05-26,CRISIL_LIQUID,2836.73
2025-05-27,NIFTY100,16029.25
2025-05-28,NIFTY50,20769.54
2025-05-29,CRISIL_GILT,2095.75
2025-05-30,CRISIL_GILT,2094.65
2025-05-31,CRISIL_GILT,2094.65
2025-06-01,CRISIL_GILT,2094.65
2025-06-02,CRISIL_LIQUID,2841.05
2025-06-03,NIFTY_MIDCAP150,30830.52
2025-06-04,CRISIL_LIQUID,2843.87
2025-06-05,NIFTY_MIDCAP150,30588.81
2025-06-06,NIFTY500,27277.58
2025-06-07,NIFTY500,27277.58
2025-06-08,NIFTY500,27277.58
2025-06-09,CRISIL_LIQUID,2845.58
2025-06-10,BSE_SMALLCAP,54873.27
2025-06-11,CRISIL_GILT,2081.61
2025-06-12,NIFTY50,21174.14
2025-06-13,CRISIL_GILT,2075.34
2025-06-14,CRISIL_GILT,2075.34
2025-06-15,CRISIL_GILT,2075.34
2025-06-16,NIFTY50,21296.6
2025-06-17,NIFTY500,28489.93
2025-06-18,NIFTY_MIDCAP150,27513.22
2025-06-19,NIFTY_MIDCAP150,27245.07
2025-06-20,BSE_SMALLCAP,58938.35
2025-06-21,BSE_SMALLCAP,58938.35
2025-06-22,BSE_SMALLCAP,58938.35
2025-06-23,NIFTY500,29017.15
2025-06-24,NIFTY500,28974.0
2025-06-25,NIFTY_MIDCAP150,27099.35
2025-06-26,CRISIL_LIQUID,2851.2
2025-06-27,BSE_SMALLCAP,57375.53
2025-06-28,BSE_SMALLCAP,57375.53
2025-06-29,BSE_SMALLCAP,57375.53
2025-06-30,NIFTY500,29736.7
2025-07-01,CRISIL_GILT,2089.27
2025-07-02,CRISIL_LIQUID,2852.04
2025-07-03,NIFTY_MIDCAP150,27189.32
2025-07-04,CRISIL_GILT,2106.29
2025-07-05,CRISIL_GILT,2106.29
2025-07-06,CRISIL_GILT,2106.29
2025-07-07,NIFTY500,29889.19
2025-07-08,NIFTY50,19857.84
2025-07-09,NIFTY50,19930.69
2025-07-10,CRISIL_GILT,2100.07
2025-07-11,NIFTY100,15476.97
2025-07-12,NIFTY100,15476.97
2025-07-13,NIFTY100,15476.97
2025-07-14,BSE_SMALLCAP,62388.31
2025-07-15,CRISIL_GILT,2097.87
2025-07-16,BSE_SMALLCAP,62062.91
2025-07-17,NIFTY_MIDCAP150,29147.84
2025-07-18,BSE_SMALLCAP,62507.67
2025-07-19,BSE_SMALLCAP,62507.67
2025-07-20,BSE_SMALLCAP,62507.67
2025-07-21,NIFTY50,19621.67
2025-07-22,NIFTY500,29234.5
2025-07-23,NIFTY_MIDCAP150,29755.46
2025-07-24,CRISIL_GILT,2085.44
2025-07-25,NIFTY50,19866.08
2025-07-26,NIFTY50,19866.08
2025-07-27,NIFTY50,19866.08
2025-07-28,CRISIL_LIQUID,2865.86
2025-07-29,CRISIL_GILT,2090.34
2025-07-30,BSE_SMALLCAP,61853.45
2025-07-31,NIFTY_MIDCAP150,29722.51
2025-08-01,NIFTY_MIDCAP150,30047.02
2025-08-02,NIFTY_MIDCAP150,30047.02
2025-08-03,NIFTY_MIDCAP150,30047.02
2025-08-04,BSE_SMALLCAP,62456.79
2025-08-05,NIFTY100,16135.43
2025-08-06,NIFTY100,15934.59
2025-08-07,BSE_SMALLCAP,63653.66
2025-08-08,NIFTY100,15869.54
2025-08-09,NIFTY100,15869.54
2025-08-10,NIFTY100,15869.54
2025-08-11,CRISIL_LIQUID,2874.43
2025-08-12,NIFTY500,29095.57
2025-08-13,NIFTY100,15733.14
2025-08-14,CRISIL_LIQUID,2878.16
2025-08-15,CRISIL_GILT,2099.35
2025-08-16,CRISIL_GILT,2099.35
2025-08-17,CRISIL_GILT,2099.35
2025-08-18,BSE_SMALLCAP,63661.07
2025-08-19,NIFTY_MIDCAP150,31227.06
2025-08-20,NIFTY_MIDCAP150,31987.55
2025-08-21,NIFTY500,27980.22
2025-08-22,NIFTY500,28302.75
2025-08-23,NIFTY500,28302.75
2025-08-24,NIFTY500,28302.75
2025-08-25,NIFTY50,20428.68
2025-08-26,NIFTY_MIDCAP150,32237.8
2025-08-27,NIFTY100,16286.02
2025-08-28,NIFTY500,29045.06
2025-08-29,NIFTY500,28675.37
2025-08-30,NIFTY500,28675.37
2025-08-31,NIFTY500,28675.37
2025-09-01,NIFTY50,20498.69
2025-09-02,NIFTY100,16549.98
2025-09-03,CRISIL_GILT,2074.79
2025-09-04,NIFTY100,16772.48
2025-09-05,NIFTY100,16874.21
2025-09-06,NIFTY100,16874.21
2025-09-07,NIFTY100,16874.21
2025-09-08,BSE_SMALLCAP,63043.37
2025-09-09,NIFTY500,27918.76
2025-09-10,NIFTY50,20248.26
2025-09-11,BSE_SMALLCAP,64086.53
2025-09-12,NIFTY500,27500.06
2025-09-13,NIFTY500,27500.06
2025-09-14,NIFTY500,27500.06
2025-09-15,BSE_SMALLCAP,62643.08
2025-09-16,CRISIL_LIQUID,2901.38
2025-09-17,BSE_SMALLCAP,62261.02
2025-09-18,BSE_SMALLCAP,61605.69
2025-09-19,NIFTY100,17322.06
2025-09-20,NIFTY100,17322.06
2025-09-21,NIFTY100,17322.06
2025-09-22,NIFTY100,17300.46
2025-09-23,NIFTY_MIDCAP150,31238.47
2025-09-24,CRISIL_LIQUID,2905.09
2025-09-25,BSE_SMALLCAP,59946.92
2025-09-26,NIFTY100,17436.66
2025-09-27,NIFTY100,17436.66
2025-09-28,NIFTY100,17436.66
2025-09-29,NIFTY50,20025.86
2025-09-30,NIFTY500,28444.08
2025-10-01,NIFTY500,28543.42
2025-10-02,NIFTY50,19999.37
2025-10-03,NIFTY100,17284.96
2025-10-04,NIFTY100,17284.96
2025-10-05,NIFTY100,17284.96
2025-10-06,NIFTY500,28619.76
2025-10-07,NIFTY500,28902.69
2025-10-08,NIFTY50,19935.59
2025-10-09,BSE_SMALLCAP,59641.19
2025-10-10,NIFTY100,16907.35
2025-10-11,NIFTY100,16907.35
2025-10-12,NIFTY100,16907.35
2025-10-13,CRISIL_LIQUID,2913.38
2025-10-14,NIFTY100,17075.83
2025-10-15,NIFTY100,17030.12
2025-10-16,NIFTY100,16989.54
2025-10-17,NIFTY100,16909.96
2025-10-18,NIFTY100,16909.96
2025-10-19,NIFTY100,16909.96
2025-10-20,NIFTY_MIDCAP150,31558.95
2025-10-21,BSE_SMALLCAP,62432.12
2025-10-22,CRISIL_LIQUID,2918.0
2025-10-23,NIFTY50,19897.55
2025-10-24,CRISIL_GILT,2090.04
2025-10-25,CRISIL_GILT,2090.04
2025-10-26,CRISIL_GILT,2090.04
2025-10-27,NIFTY500,30479.11
2025-10-28,NIFTY_MIDCAP150,31900.64
2025-10-29,NIFTY100,17111.54
2025-10-30,NIFTY_MIDCAP150,31997.5
2025-10-31,NIFTY100,16879.75
2025-11-01,NIFTY100,16879.75
2025-11-02,NIFTY100,16879.75
2025-11-03,NIFTY_MIDCAP150,31771.89
2025-11-04,BSE_SMALLCAP,70046.84
2025-11-05,NIFTY50,19224.82
2025-11-06,NIFTY100,17064.14
2025-11-07,NIFTY100,17242.99
2025-11-08,NIFTY100,17242.99
2025-11-09,NIFTY100,17242.99
2025-11-10,NIFTY500,30303.1
2025-11-11,CRISIL_GILT,2076.46
2025-11-12,NIFTY100,17142.78
2025-11-13,NIFTY500,30649.55
2025-11-14,CRISIL_LIQUID,2928.55
2025-11-15,CRISIL_LIQUID,2928.55
2025-11-16,CRISIL_LIQUID,2928.55
2025-11-17,NIFTY500,30944.57
2025-11-18,NIFTY50,19270.2
2025-11-19,NIFTY50,19384.09
2025-11-20,CRISIL_GILT,2096.54
2025-11-21,NIFTY100,17190.35
2025-11-22,NIFTY100,17190.35
2025-11-23,NIFTY100,17190.35
2025-11-24,NIFTY100,17173.44
2025-11-25,CRISIL_LIQUID,2936.7
2025-11-26,NIFTY500,30664.05
2025-11-27,NIFTY_MIDCAP150,30311.71
2025-11-28,CRISIL_GILT,2112.82
2025-11-29,CRISIL_GILT,2112.82
2025-11-30,CRISIL_GILT,2112.82
2025-12-01,NIFTY_MIDCAP150,30277.25
2025-12-02,NIFTY100,18020.5
2025-12-03,NIFTY500,30892.98
2025-12-04,NIFTY50,18685.61
2025-12-05,NIFTY50,18910.47
2025-12-06,NIFTY50,18910.47
2025-12-07,NIFTY50,18910.47
2025-12-08,NIFTY50,19038.06
2025-12-09,NIFTY100,18038.89
2025-12-10,CRISIL_GILT,2134.44
2025-12-11,CRISIL_LIQUID,2946.69
2025-12-12,BSE_SMALLCAP,73853.06
2025-12-13,BSE_SMALLCAP,73853.06
2025-12-14,BSE_SMALLCAP,73853.06
2025-12-15,BSE_SMALLCAP,72792.85
2025-12-16,CRISIL_GILT,2148.72
2025-12-17,NIFTY_MIDCAP150,29803.55
2025-12-18,BSE_SMALLCAP,72778.14
2025-12-19,NIFTY500,32302.55
2025-12-20,NIFTY500,32302.55
2025-12-21,NIFTY500,32302.55
2025-12-22,NIFTY500,32532.07
2025-12-23,NIFTY_MIDCAP150,31157.45
2025-12-24,CRISIL_GILT,2142.85
2025-12-25,CRISIL_LIQUID,2954.87
2025-12-26,NIFTY500,33031.2
2025-12-27,NIFTY500,33031.2
2025-12-28,NIFTY500,33031.2
2025-12-29,NIFTY500,32959.96
2025-12-30,NIFTY500,32870.98
2025-12-31,BSE_SMALLCAP,70687.19
2026-01-01,CRISIL_GILT,2156.03
2026-01-02,NIFTY50,19044.78
2026-01-03,NIFTY50,19044.78
2026-01-04,NIFTY50,19044.78
2026-01-05,CRISIL_GILT,2151.71
2026-01-06,BSE_SMALLCAP,70217.76
2026-01-07,NIFTY100,17838.7
2026-01-08,CRISIL_GILT,2156.45
2026-01-09,NIFTY_MIDCAP150,28781.91
2026-01-10,NIFTY_MIDCAP150,28781.91
2026-01-11,NIFTY_MIDCAP150,28781.91
2026-01-12,NIFTY_MIDCAP150,29263.11
2026-01-13,NIFTY_MIDCAP150,29193.46
2026-01-14,BSE_SMALLCAP,72601.95
2026-01-15,CRISIL_GILT,2176.16
2026-01-16,CRISIL_LIQUID,2965.07
2026-01-17,CRISIL_LIQUID,2965.07
2026-01-18,CRISIL_LIQUID,2965.07
2026-01-19,NIFTY500,33974.62
2026-01-20,CRISIL_GILT,2174.14
2026-01-21,NIFTY50,19159.69
2026-01-22,NIFTY500,33916.67
2026-01-23,BSE_SMALLCAP,72009.36
2026-01-24,BSE_SMALLCAP,72009.36
2026-01-25,BSE_SMALLCAP,72009.36
2026-01-26,CRISIL_GILT,2186.92
2026-01-27,NIFTY_MIDCAP150,28868.27
2026-01-28,BSE_SMALLCAP,71737.63
2026-01-29,BSE_SMALLCAP,70397.83
2026-01-30,NIFTY_MIDCAP150,28646.64
2026-01-31,NIFTY_MIDCAP150,28646.64
2026-02-01,NIFTY_MIDCAP150,28646.64
2026-02-02,CRISIL_GILT,2187.65
2026-02-03,NIFTY500,35028.32
2026-02-04,CRISIL_LIQUID,2971.19
2026-02-05,BSE_SMALLCAP,69762.84
2026-02-06,CRISIL_LIQUID,2971.2
2026-02-07,CRISIL_LIQUID,2971.2
2026-02-08,CRISIL_LIQUID,2971.2
2026-02-09,NIFTY100,18160.3
2026-02-10,CRISIL_GILT,2180.0
2026-02-11,BSE_SMALLCAP,71524.24
2026-02-12,NIFTY_MIDCAP150,29552.37
2026-02-13,BSE_SMALLCAP,69482.99
2026-02-14,BSE_SMALLCAP,69482.99
2026-02-15,BSE_SMALLCAP,69482.99
2026-02-16,NIFTY50,21051.16
2026-02-17,NIFTY_MIDCAP150,30510.85
2026-02-18,NIFTY500,35231.41
2026-02-19,BSE_SMALLCAP,70302.44
2026-02-20,NIFTY_MIDCAP150,30036.14
2026-02-21,NIFTY_MIDCAP150,30036.14
2026-02-22,NIFTY_MIDCAP150,30036.14
2026-02-23,BSE_SMALLCAP,69360.06
2026-02-24,NIFTY500,36339.84
2026-02-25,NIFTY_MIDCAP150,30416.85
2026-02-26,NIFTY100,18068.86
2026-02-27,CRISIL_LIQUID,2983.82
2026-02-28,CRISIL_LIQUID,2983.82
2026-03-01,CRISIL_LIQUID,2983.82
2026-03-02,NIFTY100,18056.33
2026-03-03,NIFTY100,17933.37
2026-03-04,NIFTY500,36049.18
2026-03-05,NIFTY_MIDCAP150,31923.09
2026-03-06,CRISIL_GILT,2223.37
2026-03-07,CRISIL_GILT,2223.37
2026-03-08,CRISIL_GILT,2223.37
2026-03-09,CRISIL_LIQUID,2992.15
2026-03-10,NIFTY50,20308.33
2026-03-11,CRISIL_LIQUID,2994.83
2026-03-12,CRISIL_LIQUID,2996.35
2026-03-13,NIFTY_MIDCAP150,32087.05
2026-03-14,NIFTY_MIDCAP150,32087.05
2026-03-15,NIFTY_MIDCAP150,32087.05
2026-03-16,NIFTY500,36315.8
2026-03-17,BSE_SMALLCAP,71872.15
2026-03-18,BSE_SMALLCAP,71782.69
2026-03-19,CRISIL_GILT,2230.84
2026-03-20,NIFTY100,17751.17
2026-03-21,NIFTY100,17751.17
2026-03-22,NIFTY100,17751.17
2026-03-23,CRISIL_LIQUID,3002.83
2026-03-24,BSE_SMALLCAP,69930.39
2026-03-25,NIFTY50,19284.67
2026-03-26,NIFTY500,36097.46
2026-03-27,NIFTY50,19427.12
2026-03-28,NIFTY50,19427.12
2026-03-29,NIFTY50,19427.12
2026-03-30,NIFTY_MIDCAP150,32414.16
2026-03-31,CRISIL_LIQUID,3009.46
2026-04-01,CRISIL_GILT,2261.92
2026-04-02,NIFTY100,17760.9
2026-04-03,NIFTY_MIDCAP150,31420.75
2026-04-04,NIFTY_MIDCAP150,31420.75
2026-04-05,NIFTY_MIDCAP150,31420.75
2026-04-06,CRISIL_GILT,2259.59
2026-04-07,NIFTY50,19544.45
2026-04-08,CRISIL_GILT,2245.8
2026-04-09,NIFTY50,19498.48
2026-04-10,BSE_SMALLCAP,69644.93
2026-04-11,BSE_SMALLCAP,69644.93
2026-04-12,BSE_SMALLCAP,69644.93
2026-04-13,CRISIL_LIQUID,3018.49
2026-04-14,CRISIL_LIQUID,3019.85
2026-04-15,BSE_SMALLCAP,70477.97
2026-04-16,NIFTY100,18142.7
2026-04-17,BSE_SMALLCAP,69589.51
2026-04-18,BSE_SMALLCAP,69589.51
2026-04-19,BSE_SMALLCAP,69589.51
2026-04-20,CRISIL_GILT,2268.09
2026-04-21,NIFTY50,19559.56
2026-04-22,CRISIL_GILT,2279.95
2026-04-23,NIFTY100,18535.61
2026-04-24,NIFTY500,35637.61
2026-04-25,NIFTY500,35637.61
2026-04-26,NIFTY500,35637.61
2026-04-27,CRISIL_LIQUID,3026.4
2026-04-28,NIFTY50,19314.38
2026-04-29,BSE_SMALLCAP,71041.47
2026-04-30,NIFTY50,19199.98
2026-05-01,CRISIL_GILT,2270.81
2026-05-02,CRISIL_GILT,2270.81
2026-05-03,CRISIL_GILT,2270.81
2026-05-04,CRISIL_LIQUID,3029.42
2026-05-05,NIFTY50,19444.78
2026-05-06,BSE_SMALLCAP,73602.81
2026-05-07,NIFTY_MIDCAP150,30869.71
2026-05-08,CRISIL_GILT,2291.11
2026-05-09,CRISIL_GILT,2291.11
2026-05-10,CRISIL_GILT,2291.11
2026-05-11,NIFTY_MIDCAP150,30640.59
2026-05-12,NIFTY_MIDCAP150,30992.97
2026-05-13,NIFTY500,36354.36
2026-05-14,NIFTY100,19030.41
2026-05-15,BSE_SMALLCAP,72553.23
2026-05-16,BSE_SMALLCAP,72553.23
2026-05-17,BSE_SMALLCAP,72553.23
2026-05-18,CRISIL_LIQUID,3035.91
2026-05-19,NIFTY100,18961.65
2026-05-20,CRISIL_LIQUID,3035.61
2026-05-21,NIFTY50,18509.36
2026-05-22,BSE_SMALLCAP,77776.16
2026-05-23,BSE_SMALLCAP,77776.16
2026-05-24,BSE_SMALLCAP,77776.16
2026-05-25,NIFTY100,19245.64
2026-05-26,NIFTY50,18418.36
2026-05-27,BSE_SMALLCAP,77524.06
2026-05-28,NIFTY_MIDCAP150,32990.66
2026-05-29,CRISIL_LIQUID,3046.0
